<?xml version="1.0" encoding="utf-8"?>
<tincan xmlns:xsi="http://www.w3.org/2001/XMLSchema-instance" xmlns:xsd="http://www.w3.org/2001/XMLSchema" xmlns="http://projecttincan.com/tincan.xsd">
	<activities>
		<activity id="http://601aFYa9rJz_course_id" type="http://adlnet.gov/expapi/activities/course">
			<name lang="und">10429_ספר3_נושא6_משימה6_עמוד38</name>
			<description lang="und" />
			<launch lang="und">story.html</launch>
		</activity>
		<activity id="http://601aFYa9rJz_course_id/6h32hutFhTO" type="http://adlnet.gov/expapi/activities/objective">
			<name lang="und">10429_ספר3_נושא6_משימה6_עמוד38</name>
			<description lang="und">10429_ספר3_נושא6_משימה6_עמוד38</description>
		</activity>
		<activity id="http://601aFYa9rJz_course_id/5ka1X4cjNEd" type="http://adlnet.gov/expapi/activities/module">
			<name lang="und">שקף פתיחה</name>
			<description lang="und">שקף פתיחה</description>
		</activity>
		<activity id="http://601aFYa9rJz_course_id/5rpYI9wSUtc" type="http://adlnet.gov/expapi/activities/module">
			<name lang="und">שקף ראשון</name>
			<description lang="und">שקף ראשון</description>
		</activity>
		<activity id="http://601aFYa9rJz_course_id/5rpYI9wSUtc/5qAxLXEDu83" type="http://adlnet.gov/expapi/activities/cmi.interaction">
			<name lang="und">Pick Many</name>
			<description lang="und">Pick Many</description>
			<interactionType>choice</interactionType>
			<correctResponsePatterns>
				<correctResponsePattern>choice_5uUCdT5OuQg</correctResponsePattern>
				<correctResponsePattern>choice_6n3vE2NSiin</correctResponsePattern>
				<correctResponsePattern>choice_5XYRjnswKVh</correctResponsePattern>
				<correctResponsePattern>choice_64NZvqQTBBn</correctResponsePattern>
			</correctResponsePatterns>
			<choices>
				<component>
					<id>choice_5uUCdT5OuQg</id>
					<description lang="und">12</description>
				</component>
				<component>
					<id>choice_6n3vE2NSiin</id>
					<description lang="und">4</description>
				</component>
				<component>
					<id>choice_5XYRjnswKVh</id>
					<description lang="und">3</description>
				</component>
				<component>
					<id>choice_64NZvqQTBBn</id>
					<description lang="und">12</description>
				</component>
			</choices>
		</activity>
		<activity id="http://601aFYa9rJz_course_id/5ZlOxsjZpdE" type="http://adlnet.gov/expapi/activities/module">
			<name lang="und">שקף שלישי</name>
			<description lang="und">שקף שלישי</description>
		</activity>
		<activity id="http://601aFYa9rJz_course_id/5ZlOxsjZpdE/6IFi80eAPGD" type="http://adlnet.gov/expapi/activities/cmi.interaction">
			<name lang="und">Pick Many</name>
			<description lang="und">Pick Many</description>
			<interactionType>choice</interactionType>
			<correctResponsePatterns>
				<correctResponsePattern>choice_5buo7W6QVLc</correctResponsePattern>
				<correctResponsePattern>choice_6KRkm7orjB8</correctResponsePattern>
				<correctResponsePattern>choice_6VMsoanyvQz</correctResponsePattern>
				<correctResponsePattern>choice_6VrLJDAG5Ff</correctResponsePattern>
			</correctResponsePatterns>
			<choices>
				<component>
					<id>choice_5buo7W6QVLc</id>
					<description lang="und">12</description>
				</component>
				<component>
					<id>choice_6KRkm7orjB8</id>
					<description lang="und">3</description>
				</component>
				<component>
					<id>choice_6VMsoanyvQz</id>
					<description lang="und">4</description>
				</component>
				<component>
					<id>choice_6VrLJDAG5Ff</id>
					<description lang="und">12</description>
				</component>
			</choices>
		</activity>
		<activity id="http://601aFYa9rJz_course_id/6gjvEI0S75d" type="http://adlnet.gov/expapi/activities/module">
			<name lang="und">שקף חמישי</name>
			<description lang="und">שקף חמישי</description>
		</activity>
		<activity id="http://601aFYa9rJz_course_id/5tvuJLEbzY0" type="http://adlnet.gov/expapi/activities/module">
			<name lang="und">שקף שני</name>
			<description lang="und">שקף שני</description>
		</activity>
		<activity id="http://601aFYa9rJz_course_id/5tvuJLEbzY0/6iLbK5BEhfR" type="http://adlnet.gov/expapi/activities/cmi.interaction">
			<name lang="und">Pick Many</name>
			<description lang="und">Pick Many</description>
			<interactionType>choice</interactionType>
			<correctResponsePatterns>
				<correctResponsePattern>choice_6W0UXxFX4te</correctResponsePattern>
				<correctResponsePattern>choice_62icrAAXrT8</correctResponsePattern>
				<correctResponsePattern>choice_6kLGDoyomvd</correctResponsePattern>
				<correctResponsePattern>choice_6FLclkK6vFu</correctResponsePattern>
			</correctResponsePatterns>
			<choices>
				<component>
					<id>choice_6W0UXxFX4te</id>
					<description lang="und">10</description>
				</component>
				<component>
					<id>choice_62icrAAXrT8</id>
					<description lang="und">5</description>
				</component>
				<component>
					<id>choice_6kLGDoyomvd</id>
					<description lang="und">2</description>
				</component>
				<component>
					<id>choice_6FLclkK6vFu</id>
					<description lang="und">10</description>
				</component>
			</choices>
		</activity>
		<activity id="http://601aFYa9rJz_course_id/6lwgLTpdw4q" type="http://adlnet.gov/expapi/activities/module">
			<name lang="und">שקף רביעי</name>
			<description lang="und">שקף רביעי</description>
		</activity>
		<activity id="http://601aFYa9rJz_course_id/6lwgLTpdw4q/6R8tzBE9nRq" type="http://adlnet.gov/expapi/activities/cmi.interaction">
			<name lang="und">Pick Many</name>
			<description lang="und">Pick Many</description>
			<interactionType>choice</interactionType>
			<correctResponsePatterns>
				<correctResponsePattern>choice_5Uwf0q5WuoI</correctResponsePattern>
				<correctResponsePattern>choice_6VmYajJjutl</correctResponsePattern>
				<correctResponsePattern>choice_5lTS2bz22l1</correctResponsePattern>
				<correctResponsePattern>choice_62JDagQ2PrN</correctResponsePattern>
			</correctResponsePatterns>
			<choices>
				<component>
					<id>choice_5Uwf0q5WuoI</id>
					<description lang="und">5</description>
				</component>
				<component>
					<id>choice_6VmYajJjutl</id>
					<description lang="und">5</description>
				</component>
				<component>
					<id>choice_5lTS2bz22l1</id>
					<description lang="und">1</description>
				</component>
				<component>
					<id>choice_62JDagQ2PrN</id>
					<description lang="und">5</description>
				</component>
			</choices>
		</activity>
		<activity id="http://601aFYa9rJz_course_id/6UJLe12bOJ3" type="http://adlnet.gov/expapi/activities/module">
			<name lang="und">Results Slide</name>
			<description lang="und">Results Slide</description>
		</activity>
	</activities>
</tincan>